时间(s),X坐标(m),Y坐标(m)
77.13,52.00849271,2.357650556
77.33,54.95754067,-2.599964008
77.53,57.02716296,2.117934364
77.73,54.33471886,-5.467716924
77.93,48.69545252,2.200071118
78.13,51.23441202,2.343067816
78.33,54.34969301,2.895720996
78.53,51.08123934,-4.081878297
78.73,53.9195759,0.849484386
78.93,54.92792774,-0.790900159
79.13,51.14526722,3.469515173
79.33,50.96957343,2.653398777
79.53,53.88314697,4.120237707
79.73,54.67276829,0.829173109
79.93,50.92262598,3.127235948
80.13,54.67125738,-5.873592671
80.33,48.55227869,2.298150047
80.53,49.25211195,-0.892198409
80.73,53.87774179,0.68498837
80.93,55.71290675,1.973433118
81.13,56.98796239,-4.560219729
81.33,48.66582071,-2.906699387
81.53,51.37182194,0.119385263
81.73,54.31966964,3.91580354
81.93,58.14877635,1.867116242
82.13,48.97892819,3.63224696
82.33,51.31378674,1.258582502
82.53,54.28788305,-1.654787439
82.73,53.74644767,-0.227486434
82.93,55.19579045,-3.330414026
83.13,48.29416065,3.756449431
83.33,54.83302024,3.251385235
83.53,51.94899296,-1.667975257
83.73,53.2176865,-1.83588216
83.93,52.58004547,3.548276234
84.13,55.53783094,7.311545345
84.33,56.64714232,2.733041818
84.53,55.74364429,3.096215349
84.73,49.00892791,-0.973878173
84.93,49.56996852,2.768537747
85.13,49.29019038,-3.402476685
85.33,53.15929001,-2.400495934
85.53,55.52194759,-0.223173906
85.73,51.13354798,4.083410197
85.93,50.36102746,-1.198250273
86.13,50.63488253,-2.579877949
86.33,51.43884346,-0.097303768
86.53,46.79452255,-0.333797586
86.73,50.64980442,1.90521622
86.93,46.64314862,-0.753728321
87.13,52.38281474,-1.441157495
87.33,53.80120405,2.573549829
87.53,52.97878123,-2.689380365
87.73,54.8060675,3.416678064
87.93,55.07260907,0.401207926
88.13,47.4893277,-4.016889268
88.33,53.37814133,3.264496801
88.53,51.44026088,6.57959906
88.73,56.34850058,3.546761889
88.93,54.93215391,0.07482767
89.13,53.35946228,3.04780535
89.33,54.45853247,-0.186813005
89.53,48.8156867,-4.50889188
89.73,49.01896607,-1.039883981
89.93,52.70405211,-1.315259393
90.13,51.64312533,-1.831621161
90.33,49.71274395,-3.140097455
90.53,50.44587864,3.106298049
90.73,58.91105783,-0.33892323
90.93,47.87855051,0.544325853
91.13,50.03420139,0.301701972
91.33,55.94901859,8.487526205
91.53,59.4387894,-2.323451328
91.73,53.42230838,1.501118491
91.93,49.43542441,0.751253249
92.13,56.09691834,-0.862800904
92.33,48.69128918,-0.79719058
92.53,47.93707481,1.150393708
92.73,55.79846868,2.198378827
92.93,53.89327952,-1.788072629
93.13,58.54044726,-0.217191609
93.33,48.72611308,2.836822051
93.53,51.95438419,-0.999976514
93.73,56.70927494,-0.477928592
93.93,51.18968248,-0.003625107
94.13,51.52786489,-3.433457959
94.33,50.36978725,-1.070509565
94.53,51.21589085,-3.326549878
94.73,49.8104273,-1.255027241
94.93,48.46207257,-8.622763734
95.13,54.27059154,6.280650329
95.33,50.96136776,-1.885621003
95.53,53.61171398,-1.391450185
95.73,48.50690654,-0.797475512
95.93,48.09315439,-4.204495188
96.13,50.46845615,-1.853193223
96.33,50.72143602,-2.810419779
96.53,52.5537929,-1.851769754
96.73,53.90174566,-0.273300814
96.93,47.13344322,-2.268159715
97.13,52.11225935,-0.971461197
97.33,50.64949274,-3.588120638
97.53,48.2196629,6.262867821
97.73,55.8794101,3.775459614
97.93,57.01533754,2.874908396
98.13,50.83299083,-3.19786998
98.33,46.63124891,0.142432401
98.53,53.65617624,-3.963603465
98.73,48.71293678,2.21738984
98.93,52.47136174,0.779901508
99.13,55.6233902,0.941151652
99.33,56.03560373,-0.556370784
99.53,51.70869747,-4.816767253
99.73,57.1597304,-2.768203343
99.93,53.41403253,-1.337067207
100.13,48.47671881,0.086572327
100.33,47.28500416,-0.20647172
100.53,58.66118415,-1.805144177
100.73,54.43088978,-3.643518713
100.93,49.82987611,0.741888315
101.13,54.11248046,-0.27265554
101.33,50.57711839,0.025290258
101.53,50.8539704,-3.761791032
101.73,47.33934546,-1.758615771
101.93,51.2814396,4.527606088
102.13,51.88798418,0.468506626
102.33,50.89716218,-1.920830685
102.53,49.02342545,0.615205234
102.73,53.42761119,2.400826465
102.93,47.77392224,-1.569308382
103.13,53.3843451,0.659167921
103.33,46.71972902,2.138758846
103.53,44.61371075,-2.661872496
103.73,43.35687365,2.612132856
103.93,41.43135926,-2.227416126
104.13,45.77597936,-1.159994385
104.33,40.28655337,-1.111668682
104.53,37.0680833,1.014170141
104.73,41.10203968,1.450413112
104.93,41.03184435,-1.04342892
105.13,40.58146195,-5.508951732
105.33,42.05409804,-4.319406075
105.53,33.99206644,3.730079978
105.73,38.07462133,-1.152529162
105.93,37.48487977,4.737299936
106.13,35.88860129,-3.993353664
106.33,39.54217311,1.341900969
106.53,38.61441364,0.403947241
106.73,34.03575594,-0.482732387
106.93,35.16073169,-1.53164103
107.13,34.67790455,-1.37117368
107.33,28.26933285,3.371398944
107.53,31.97872377,-2.671587175
107.73,28.92491906,4.656958065
107.93,28.02788878,3.724326927
108.13,30.3555228,1.668200453
108.33,32.19929479,0.198081574
108.53,32.56201764,3.120592239
108.73,25.70801717,0.186751086
108.93,32.18070011,8.68157961
109.13,23.4838692,0.206924707
109.33,27.29255297,-0.753358919
109.53,23.01246715,-3.378061512
109.73,21.74802536,2.189299683
109.93,29.80857846,2.905229139
110.13,24.90603793,-0.463896315
110.33,28.18196887,0.182484435
110.53,29.19720221,4.519433501
110.73,26.7743841,-0.461149707
110.93,19.56339429,-5.185342589
111.13,25.12620007,1.866733236
111.33,22.89979832,3.791461492
111.53,24.38270757,0.796610749
111.73,23.11423239,2.600944636
111.93,25.18345428,0.343424128
112.13,23.53996168,4.564246563
112.33,24.01624282,-2.885621588
112.53,25.46534524,1.450230185
112.73,20.01751672,0.677654821
112.93,20.46365949,2.330635387
113.13,22.49700123,4.075804501
113.33,19.36612574,-0.197823022
113.53,23.06513284,-1.279047391
113.73,25.54743948,0.156912221
113.93,18.23925821,4.124783415
114.13,20.85188984,-6.431563479
114.33,20.96660319,1.32497978
114.53,23.16453268,-0.993196211
114.73,19.42935579,0.153469749
114.93,20.9442462,4.990339163
115.13,19.84848384,0.327235021
115.33,20.42799116,-1.551060172
115.53,18.21842269,3.881496674
115.73,18.67227693,-0.81566681
115.93,17.98013455,-1.520658359
116.13,16.47731373,4.684115103
116.33,14.69499558,1.603354249
116.53,15.30014224,0.925449265
116.73,12.32856925,-2.906129013
116.93,17.65462047,0.889050535
117.13,12.16210632,2.822809472
117.33,6.914137427,0.764119835
117.53,8.055867054,0.135036898
117.73,8.607966142,0.11665254
117.93,15.19502724,-0.650921254
118.13,7.881310481,-3.0979437
118.33,9.228926623,1.446531455
118.53,7.072441616,-2.480348093
118.73,7.588572471,0.306719862
118.93,8.182542576,1.789700896
119.13,3.912198246,0.284744801
119.33,-0.598324614,0.17048454
119.53,7.260514621,1.721492363
119.73,0.505845252,2.264793554
119.93,6.361158093,3.13569485
120.13,3.861966267,-1.964530764
120.33,7.519863879,0.347378159
120.53,-7.164643368,1.87450895
120.73,3.348497061,-0.328896099
120.93,1.056002964,-1.85793033
121.13,-0.09988084,-2.233354015
121.33,2.342073137,7.631945709
121.53,2.877335423,1.237784044
121.73,2.291646029,6.876921025
121.93,4.464672608,6.015882442
122.13,1.168946343,6.41854908
122.33,2.160951887,2.571819085
122.53,-0.355780008,3.824656826
122.73,-0.582249807,7.508600356
122.93,-0.557615723,3.214283446
123.13,2.559463328,2.500679333
123.33,-3.854417968,5.975818785
123.53,3.404233963,12.49014908
123.73,-2.485144054,12.63133518
123.93,-3.752515469,9.613015411
124.13,-6.848713949,11.62672409
124.33,3.260319602,7.788485646
124.53,4.366380307,7.909077501
124.73,-1.287809378,7.648779945
124.93,-1.986798118,6.315061493
125.13,0.131148205,15.2334262
125.33,-2.85694374,9.888014412
125.53,2.535868724,15.23102126
125.73,-2.003019162,8.304327727
125.93,3.645870999,8.786218096
126.13,2.364510014,11.26793973
126.33,-3.931289716,9.836696508
126.53,-3.460023739,10.54894936
126.73,2.236400121,12.33272159
126.93,-1.843924618,11.2401864
127.13,4.995926364,13.45674829
127.33,1.203168224,9.515363716
127.53,-0.594081392,8.493011785
127.73,0.007116382,12.63613861
127.93,1.667066675,16.59901837
128.13,0.022653126,19.05592191
128.33,-2.584638409,17.04927165
128.53,-3.949037967,16.05470916
128.73,-1.232714457,14.94605697
128.93,0.399676355,19.32125356
129.13,0.970707224,19.83348549
129.33,-1.060708552,18.41367431
129.53,-0.65482566,16.26725426
129.73,1.137585282,14.995617
129.93,2.087633766,21.2989013
130.13,0.124490699,24.23241771
130.33,-4.636447968,16.37294271
130.53,-3.480356292,19.50019351
130.73,1.171213401,16.68606991
130.93,1.525138298,16.38423864
131.13,0.900858441,14.38807836
131.33,-5.516092551,22.19948224
131.53,-5.02395058,22.16337446
131.73,6.236246681,24.93475856
131.93,-4.866337739,24.05266379
132.13,-5.222082285,22.58497462
132.33,-2.661848788,30.08749037
132.53,0.164904291,26.80151273
132.73,-0.485467477,28.45647375
132.93,-0.479353762,25.29382442
133.13,-3.997896561,34.21742566
133.33,-1.123711234,28.66851597
133.53,-2.346131757,24.23179329
133.73,-1.123521244,27.287979
133.93,-3.008516829,33.09364509
134.13,3.660775846,28.25395372
134.33,-3.511303304,35.55773614
134.53,-1.354705977,33.40910284
134.73,-0.871597561,30.90930409
134.93,-2.232794275,37.65094572
135.13,-0.858394355,32.94573899
135.33,0.488483132,36.09240535
135.53,-4.194131031,37.9882713
135.73,3.522072056,39.92549172
135.93,-1.679029538,35.7811584
136.13,3.969389736,39.89722777
136.33,0.973736747,39.12970975
136.53,2.500885489,41.30878561
136.73,1.21551891,35.3368363
136.93,4.693602237,36.74941789
137.13,3.510629373,39.7558001
137.33,1.156764136,45.27284157
137.53,-3.326218843,40.59700125
137.73,-1.84221424,39.31962801
137.93,-0.218773905,45.11467813
138.13,-1.816942908,45.56900713
138.33,0.26690805,44.22576235
138.53,2.613734097,47.08143419
138.73,-2.413877779,44.82432251
138.93,-2.157486916,41.15406396
139.13,-0.493838716,43.16311057
139.33,0.238667413,46.62962626
139.53,-3.024182793,43.87625319
139.73,-1.797829373,48.3768806
139.93,1.479441926,48.97488696
140.13,1.933125073,44.51668559
140.33,1.531383606,49.55112492
140.53,-1.344946947,48.04171404
140.73,2.474164484,48.79412085
140.93,1.234446798,44.53248466
141.13,-4.789378669,49.31047017
141.33,-2.498447765,49.75326807
141.53,-0.374745264,52.39216606
141.73,-3.102311817,48.80698717
141.93,3.211316871,48.61782988
142.13,4.381526472,52.2736014
142.33,0.589172827,49.20215381
142.53,-2.757152438,52.70497737
142.73,-3.214317787,46.29655147
142.93,-0.465556107,47.19841997
143.13,1.712160145,44.92320743
143.33,-4.853410943,47.43099138
143.53,1.470171822,56.53851814
143.73,3.923390361,56.21227393
143.93,-0.740122432,50.95818709
144.13,2.627778113,52.70087198
144.33,2.344167396,54.26032687
144.53,4.306550312,49.22780412
144.73,-2.086697456,50.24123942
144.93,-5.298840194,54.45100564
145.13,-0.769692126,52.55805746
145.33,0.830445894,55.27076406
145.53,0.463496679,56.49000004
145.73,-3.222860899,54.86934887
145.93,-5.207676496,47.27861564
146.13,-1.539391136,51.29438973
146.33,5.691744313,55.54986421
146.53,5.429261269,53.71304505
146.73,-1.619023483,52.05575135
146.93,-4.756256336,59.3472208
147.13,2.487517448,55.23718288
147.33,-1.416200488,55.14933069
147.53,-0.933010401,55.25704271
147.73,2.902736913,56.85029436
147.93,-3.267209463,53.9783569
148.13,-0.57823268,55.66528654
148.33,-0.246809794,56.21705004
148.53,1.562044762,59.74072541
148.73,4.729016885,52.07939068
148.93,0.122271768,61.50179011
149.13,0.698666022,61.68481053
149.33,1.485355052,59.39063522
149.53,3.303488689,60.33966287
149.73,-1.263210103,60.72946355
149.93,0.453375447,56.01733551
150.13,0.568586653,58.01571732
150.33,1.280619183,53.99294046
150.53,-1.542477122,59.71916204
150.73,1.735740942,55.46629192
150.93,3.015394224,60.30344036
151.13,2.203221296,54.06080398
151.33,0.15768084,57.17040661
151.53,-0.960063928,61.32552073
151.73,2.253916003,60.42802864
151.93,1.14988676,61.16467621
152.13,-0.563630378,62.0753043
152.33,1.45880493,62.71596193
152.53,-2.371916347,60.3255724
152.73,-2.017285311,61.74259446
152.93,-0.806405215,61.40779943
153.13,1.423419018,61.51731192
153.33,0.219126129,64.66060232
153.53,-0.548182865,65.27297082
153.73,0.695594738,62.6809536
153.93,0.774075655,64.42820197
154.13,0.050969886,67.23300788
154.33,-1.956323648,65.1414267
154.53,-1.899191309,65.60603449
154.73,-4.396164025,60.63438059
154.93,-3.106031908,61.36423346
155.13,-0.471555331,61.88489331
155.33,1.131820428,59.75750963
155.53,-0.841420101,59.7740303
155.73,-0.449905432,67.02459567
155.93,-0.484853446,65.42074157
156.13,-2.81275731,61.674964
156.33,-4.43975604,60.72950885
156.53,-3.528431465,63.06961246
156.73,-5.234629331,61.6708552
156.93,0.854726161,68.08375698
157.13,-3.472782106,63.73363943
157.33,-8.120750487,61.82032419
157.53,-7.116001308,61.58291385
157.73,-6.596967153,63.07509174
157.93,-2.611125237,60.23574505
158.13,-6.425992501,59.2904854
158.33,-5.997983719,60.48831342
158.53,-8.984816245,70.20843342
158.73,-9.807878721,62.72615821
158.93,1.042590954,61.62394064
159.13,-3.846861956,62.89234489
159.33,-2.98078828,57.04453446
159.53,-4.008689377,60.4022583
159.73,-9.632623149,62.63066687
159.93,-9.967551628,61.48929687
160.13,-5.108613965,60.66989112
160.33,-6.027780461,63.19579609
160.53,-9.506855082,66.18807239
160.73,-11.09546017,58.75049791
160.93,-4.457623603,59.92737205
161.13,-9.678593032,63.0422074
161.33,-4.713979417,65.40937874
161.53,-13.02304595,60.47970626
161.73,-10.39669606,65.21207785
161.93,-10.62501612,60.07173967
162.13,-9.670075332,60.80592466
162.33,-12.50901276,63.08416167
162.53,-14.77292076,63.53545671
162.73,-12.39669074,57.97644664
162.93,-14.7016479,66.87409284
163.13,-11.44197698,63.94518121
163.33,-8.919276908,64.15844057
163.53,-13.45260824,63.44498339
163.73,-10.41233224,66.72729795
163.93,-18.53405531,63.08401294
164.13,-13.01994318,64.22463942
164.33,-7.703375992,61.87538216
164.53,-11.73210489,62.81976129
164.73,-11.62569573,63.87342591
164.93,-11.46901105,58.88963289
165.13,-12.07871185,67.83173578
165.33,-15.03998735,61.94222499
165.53,-14.99968179,62.07771916
165.73,-13.70837959,56.92680453
165.93,-18.28829986,61.510051
166.13,-15.86137577,64.57851784
166.33,-20.37070376,64.11673281
166.53,-10.55900123,66.86254809
166.73,-13.5235034,62.52895525
166.93,-14.72948701,58.67778382
167.13,-12.77096271,65.98107517
167.33,-15.15326809,65.45208353
167.53,-19.16047684,64.51070972
167.73,-13.7354988,57.86937687
167.93,-16.54088298,63.33951076
168.13,-23.09113483,65.44545712
168.33,-16.24191911,60.54171283
168.53,-13.14074473,58.85981898
168.73,-16.63030617,65.21989513
168.93,-17.69985192,58.41892544
169.13,-21.56380809,61.19960693
169.33,-20.60782183,60.53497307
169.53,-20.5777116,59.50082682
169.73,-19.19046668,62.58942448
169.93,-20.76465814,60.10794637
170.13,-21.87604109,61.36542691
170.33,-21.01791632,58.96395912
170.53,-19.77145169,58.11430656
170.73,-13.67402625,53.9404428
170.93,-20.76247102,59.52028994
171.13,-22.77309736,58.59773701
171.33,-19.87906915,61.69275848
171.53,-22.56602747,59.96773286
171.73,-17.78843234,65.64131473
171.93,-18.38967821,55.94422145
172.13,-25.11881411,56.01450246
172.33,-25.44896287,63.93836228
172.53,-19.21074371,63.1678487
172.73,-22.87841754,63.43238294
172.93,-18.34620312,60.54146419
173.13,-18.98066597,63.72963437
173.33,-19.53798584,56.89798777
173.53,-21.24542005,60.79065856
173.73,-26.27148608,64.12265961
173.93,-26.84335701,62.97335397
174.13,-27.43818911,60.70665707
174.33,-19.75688831,55.8862108
174.53,-23.61311773,59.32395384
174.73,-27.45002205,61.83090042
174.93,-23.55458865,58.10005912
175.13,-26.37185422,52.1627793
175.33,-32.93727919,58.15902873
175.53,-25.26490816,59.86346665
175.73,-30.9799759,56.93800065
175.93,-23.9161185,61.45365798
176.13,-27.56064679,55.77294948
176.33,-30.22384113,60.88842104
176.53,-23.27589456,56.87905556
176.73,-29.33877823,53.56230801
176.93,-25.60495922,56.24483389
177.13,-31.80552965,56.78444413
177.33,-26.11337094,55.86430055
177.53,-27.12830662,53.28841922
177.73,-35.14460947,58.47872826
177.93,-28.39752821,53.89258732
178.13,-26.12234223,54.2888905
178.33,-30.35949925,56.35133253
178.53,-25.99304524,50.24924291
178.73,-26.44825307,53.73167037
178.93,-27.01917448,55.60225947
179.13,-28.67558335,52.69523664
179.33,-28.56744726,55.99629436
179.53,-28.8934167,58.66572721
179.73,-34.34259321,60.60048265
179.93,-33.66022221,57.4235168
180.13,-31.65862677,53.32743381
180.33,-32.43173556,55.88230198
180.53,-31.19184225,56.94319967
180.73,-30.10983149,55.06630897
180.93,-32.73959529,55.78965034
181.13,-27.67231443,52.11251729
181.33,-32.34923909,50.69652276
181.53,-29.38642097,54.74059068
181.73,-33.77911951,52.14523945
181.93,-29.36685371,51.98214831
182.13,-33.02988637,59.49927366
182.33,-33.11060624,51.85894494
182.53,-36.41451693,56.71054059
182.73,-33.72148335,53.87623462
182.93,-33.05845972,55.96310793
183.13,-32.47087804,56.05849109
183.33,-40.23090017,57.58531194
183.53,-31.75994742,53.7667861
183.73,-38.90487068,55.19044367
183.93,-33.16530938,58.24681931
184.13,-34.34885047,53.35562076
184.33,-38.77756949,54.86688991
184.53,-36.20760319,51.80671344
184.73,-36.51096963,59.79084295
184.93,-39.62513673,52.05113153
185.13,-36.27147306,57.36783678
185.33,-37.1528314,54.30814271
185.53,-38.97299661,55.07734484
185.73,-36.84683887,57.21669976
185.93,-30.32730424,49.73866218
186.13,-35.33342956,48.22727141
186.33,-32.6954655,51.17586481
186.53,-42.65551919,47.9066492
186.73,-35.39037479,47.65110162
186.93,-41.29337491,46.3079193
187.13,-36.1538581,50.88230058
187.33,-39.8951112,50.02305597
187.53,-41.91946324,51.69681072
187.73,-43.28121193,49.81546898
187.93,-47.20421205,50.28400225
188.13,-38.40992729,48.94244628
188.33,-39.55696033,53.66656368
188.53,-37.14817545,51.10204978
188.73,-44.44498831,47.57269277
188.93,-45.08220985,42.50069987
189.13,-43.16075127,44.19544955
189.33,-42.13926712,48.54629827
189.53,-49.18327885,46.49022197
189.73,-50.28541507,44.91471942
189.93,-48.55221273,47.50727997
190.13,-48.38037216,43.47921559
190.33,-48.52484482,41.44807457
190.53,-50.71154002,43.28556453
190.73,-50.31339864,39.02074848
190.93,-53.31637221,41.13846523
191.13,-48.35437533,35.76580284
191.33,-51.49880004,37.2499991
191.53,-48.68877961,38.86435119
191.73,-47.5206619,40.36621869
191.93,-53.5317612,41.21923244
192.13,-53.45445091,34.99367726
192.33,-51.7512348,35.6546331
192.53,-50.06790055,33.25040617
192.73,-52.95109687,36.05815484
192.93,-56.74852029,26.41820146
193.13,-53.47775819,38.15333038
193.33,-55.89353355,31.42143294
193.53,-57.04242337,35.72635833
193.73,-48.23585932,32.10134806
193.93,-58.23606124,31.18088067
194.13,-53.77966782,33.96596153
194.33,-54.420427,28.76070914
194.53,-58.5594275,37.21493398
194.73,-56.45925561,30.67598544
194.93,-54.57226236,31.30346679
195.13,-54.47191791,31.53397847
195.33,-55.56155594,27.91330473
195.53,-56.68174159,31.96488071
195.73,-54.37114804,26.4972964
195.93,-54.30974881,32.50496856
196.13,-54.32939041,31.69579799
196.33,-53.93482788,28.53627282
196.53,-57.06609628,21.61707532
196.73,-64.18842091,27.14257073
196.93,-49.79770803,36.04854204
197.13,-57.17072571,26.23836963
197.33,-51.70896193,28.29214406
197.53,-55.17027153,30.25322239
197.73,-60.0307025,29.83203633
197.93,-52.10149757,22.05874754
198.13,-61.46245283,27.6153062
198.33,-56.19095248,30.87557479
198.53,-58.89633714,25.21293268
198.73,-52.91502691,24.66074172
198.93,-59.69230415,23.23885783
199.13,-63.34356723,26.03623836
199.33,-59.37676639,17.73283219
199.53,-57.22848228,24.85286618
199.73,-55.96921612,24.64659491
199.93,-63.45120591,20.63991275
200.13,-61.56943615,31.19063
200.33,-62.39598673,19.22796598
200.53,-57.26231193,26.22092564
200.73,-64.59972056,20.30636189
200.93,-64.11660836,22.41093471
201.13,-57.53928446,20.57986095
201.33,-59.81529327,22.23543169
201.53,-62.64721236,16.729887
201.73,-61.96917806,16.98904737
201.93,-59.90317351,23.92625446
202.13,-60.83630933,19.80878596
202.33,-63.22099408,24.66510697
202.53,-60.04904708,20.36086535
202.73,-56.55696387,16.54426088
202.93,-59.16112271,20.20447453
203.13,-61.76318188,12.27842009
203.33,-63.40153846,13.66293167
203.53,-59.83650942,15.46822805
203.73,-55.81203743,10.67665141
203.93,-59.08419593,14.36759817
204.13,-63.38073458,11.8448217
204.33,-60.27954686,9.648373239
204.53,-58.14350989,8.72457517
204.73,-64.69531458,9.454118825
204.93,-54.83096054,10.21986543
205.13,-57.38155649,6.789115951
205.33,-58.91485237,10.54892777
205.53,-65.77011862,7.151999162
205.73,-72.43510303,8.823018385
205.93,-61.7353039,7.290398369
206.13,-63.98743327,-0.887420218
206.33,-61.40301958,5.704111396
206.53,-63.35197474,7.169698334
206.73,-60.25940022,1.920443559
206.93,-65.9831432,3.030944994
207.13,-64.76158159,2.872878368
207.33,-62.90211789,5.905813106
207.53,-61.31198605,2.990102549
207.73,-57.27128371,-0.631501648
207.93,-64.36198315,-1.056487214
208.13,-58.84741771,1.215903428
208.33,-60.61182056,0.340978904
208.53,-67.47752294,-2.320363218
208.73,-74.5325307,0.396852861
208.93,-62.09241696,-2.296169165
209.13,-65.00773778,-6.56516363
209.33,-70.20533416,-0.790876863
209.53,-62.29801685,-8.975922716
209.73,-66.5969898,-5.316630693
209.93,-62.04867696,-7.946615029
210.13,-67.77689692,-8.594664835
210.33,-68.48814339,-1.817952117
210.53,-62.14709187,-7.185665734
210.73,-66.88828978,-5.459175362
210.93,-66.50228747,-1.793773248
211.13,-63.77988011,-9.174347481
211.33,-57.35904154,-9.640921043
211.53,-64.44525128,-6.114654745
211.73,-65.78678266,-11.03381234
211.93,-64.88190003,-9.366193721
212.13,-65.20831266,-6.50821308
212.33,-65.57251351,-7.595107198
212.53,-63.22872232,-8.420855979
212.73,-65.49429205,-4.247160615
212.93,-62.81781107,-11.82001432
213.13,-70.90006613,-5.398504159
213.33,-63.12406804,-7.153077274
213.53,-64.18484754,-3.956907247
213.73,-65.31375988,-7.30234763
213.93,-63.50153251,-5.434615675
214.13,-61.03674897,-12.94435808
214.33,-65.6105664,-15.42680687
214.53,-60.64684325,-7.304186316
214.73,-59.325975,-11.77925057
214.93,-63.92888723,-11.00374291
215.13,-63.68481857,-16.8107914
215.33,-64.41250969,-16.91575439
215.53,-63.66752511,-14.46839589
215.73,-66.18644842,-18.12655719
215.93,-57.33444061,-18.38853024
216.13,-67.43283426,-13.38376663
216.33,-60.47211193,-18.53717777
216.53,-60.10218811,-17.87410265
216.73,-61.67866076,-14.22763351
216.93,-66.15454791,-16.90001201
217.13,-60.13292175,-23.8108718
217.33,-63.54446284,-20.60411389
217.53,-69.18746921,-18.9361386
217.73,-57.26308814,-23.49469891
217.93,-60.78151812,-19.23016406
218.13,-64.66017954,-19.27080994
218.33,-59.5671369,-13.91057836
218.53,-59.19892896,-16.91778972
218.73,-59.02106945,-27.16699787
218.93,-60.45597543,-25.75635543
219.13,-55.84926397,-26.58711933
219.33,-52.96413367,-25.38074475
219.53,-62.22878543,-29.55246239
219.73,-63.65961054,-24.47373828
219.93,-60.13459421,-26.33424896
220.13,-58.71042257,-31.2584528
220.33,-48.05316308,-30.79980657
220.53,-64.37058228,-26.59129663
220.73,-54.02727251,-23.82589624
220.93,-57.97497724,-31.75722205
221.13,-57.59921551,-27.86850063
221.33,-56.35738121,-30.80381844
221.53,-54.56032079,-33.7610389
221.73,-58.82429809,-33.40631793
221.93,-55.64787527,-33.46090143
222.13,-53.77851013,-28.92454486
222.33,-53.59659958,-34.23858977
222.53,-51.05787368,-34.30112376
222.73,-57.97886981,-35.45671697
222.93,-50.45657572,-39.17041273
223.13,-54.35396399,-32.98445586
223.33,-51.07710588,-30.37335128
223.53,-52.82753366,-33.01545523
223.73,-54.62127494,-37.64897347
223.93,-49.59834867,-36.11823862
224.13,-52.69305112,-36.55082216
224.33,-53.48138429,-35.51207586
224.53,-54.37181025,-41.80004553
224.73,-53.50637398,-34.59800679
224.93,-46.60474192,-39.36051292
225.13,-56.55638378,-37.86398772
225.33,-54.55443097,-36.18055122
225.53,-52.95589765,-35.09206889
225.73,-55.1763173,-41.39115892
225.93,-55.64720331,-35.82057018
226.13,-48.92274957,-37.85673094
226.33,-55.39525181,-38.12805548
226.53,-52.31718346,-38.42783049
226.73,-51.81876662,-40.6838836
226.93,-55.68504719,-36.41226234
227.13,-49.66166212,-41.18762703
227.33,-47.39172396,-45.40916455
227.53,-49.24742542,-38.63854604
227.73,-51.23703443,-40.65676838
227.93,-53.55683794,-37.80596065
228.13,-49.15181195,-40.42030382
228.33,-46.49745488,-44.895906
228.53,-49.5343097,-42.1005059
228.73,-50.1237661,-37.96597479
228.93,-46.20313315,-42.13963817
229.13,-46.3259045,-44.56746659
229.33,-51.58830556,-39.29564222
229.53,-46.60904027,-38.10609434
229.73,-45.41458189,-45.25394725
229.93,-48.61876338,-44.38195954
230.13,-45.61065042,-46.69259218
230.33,-44.99271355,-46.4000625
230.53,-45.57859067,-49.35038906
230.73,-47.95768824,-45.35446161
230.93,-46.11683091,-45.75267882
231.13,-41.57647301,-45.24720802
231.33,-42.22702191,-47.75254024
231.53,-38.61739545,-49.65666139
231.73,-42.5435959,-45.70285322
231.93,-45.15150081,-51.16608724
232.13,-35.59056609,-42.25104329
232.33,-43.85502613,-51.90149082
232.53,-39.28864031,-49.90944592
232.73,-40.18312048,-50.98316283
232.93,-41.11088382,-51.34934858
233.13,-37.7186258,-52.04626629
233.33,-38.16925771,-52.74323426
233.53,-39.15827274,-52.87005135
233.73,-34.94774372,-44.82427227
233.93,-36.06794803,-54.75637978
234.13,-29.63168491,-56.51753558
234.33,-37.16550354,-54.81169536
234.53,-35.81028674,-51.33130091
234.73,-31.89448761,-56.83478466
234.93,-38.77298081,-53.36553438
235.13,-32.40968111,-51.50632782
235.33,-33.4797152,-54.70191013
235.53,-35.25465782,-56.12039124
235.73,-32.4198297,-56.08287345
235.93,-30.12780371,-52.82557556
236.13,-32.15595042,-54.21702583
236.33,-26.79856275,-56.2355509
236.53,-29.47257159,-57.32112599
236.73,-29.86925282,-57.24058843
236.93,-30.39375173,-60.88264558
237.13,-22.41919227,-59.60415687
237.33,-30.35876793,-59.04102385
237.53,-24.70063112,-57.6464759
237.73,-32.9842221,-60.74359673
237.93,-32.05717854,-59.13621447
238.13,-24.61315502,-64.16117082
238.33,-24.00381614,-57.17028686
238.53,-23.42056756,-53.58215906
238.73,-24.89300293,-54.0822857
238.93,-23.89636093,-60.91861209
239.13,-24.9105121,-61.41964719
239.33,-26.20708896,-55.53773537
239.53,-23.0962122,-56.77042349
239.73,-21.01951023,-60.00472917
239.93,-19.25262608,-62.77127768
240.13,-19.11390832,-60.72117337
240.33,-29.56810436,-60.30238634
240.53,-22.4858253,-61.05330582
240.73,-20.6785391,-53.76976878
240.93,-21.675554,-60.6048052
241.13,-21.57440319,-59.77034165
241.33,-20.82588308,-60.97723217
241.53,-22.60282022,-64.0778908
241.73,-20.8373955,-63.77404529
241.93,-13.59149339,-63.16397506
242.13,-20.77178855,-62.30489148
242.33,-13.68600365,-54.73521209
242.53,-11.32598682,-64.27490852
242.73,-15.98292188,-64.30548806
242.93,-12.56441613,-64.92164516
243.13,-4.21012147,-61.61473172
243.33,-6.152026712,-62.18597696
243.53,-7.619569692,-62.52392601
243.73,-7.851479026,-64.3915379
243.93,-6.572181664,-62.52349042
244.13,-4.2150774,-64.6994792
244.33,-4.857165639,-63.91980881
244.53,-10.57871476,-67.72424324
244.73,-3.323700512,-66.42888341
244.93,-6.233927535,-60.79190631
245.13,-4.537329869,-64.41683358
245.33,2.065480693,-61.61645899
245.53,8.081014029,-65.66889864
245.73,0.60415961,-60.14438731
245.93,0.925081343,-60.65865047
246.13,5.083072354,-62.53564996
246.33,11.38322195,-61.50683135
246.53,9.017373901,-60.26765201
246.73,10.53107583,-62.69552137
246.93,5.590989917,-61.37336967
247.13,9.290701827,-67.6897252
247.33,12.21176981,-56.49769902
247.53,14.89850144,-59.3727707
247.73,8.855297569,-58.01100501
247.93,10.44723365,-63.29754964
248.13,16.14981419,-67.1536215
248.33,12.12578765,-61.22607042
248.53,18.7139505,-60.48692051
248.73,15.10515471,-60.00989786
248.93,13.9342185,-63.69337893
249.13,19.00676071,-63.69501552
249.33,18.61715465,-59.45397144
249.53,18.041482,-60.53552932
249.73,16.92750922,-60.75030824
249.93,23.60863121,-61.83809387
250.13,24.43529322,-62.64790746
250.33,22.97115604,-56.5434351
250.53,25.3253294,-54.65948078
250.73,27.24287623,-59.47380929
250.93,31.33855365,-54.48344976
251.13,32.53408528,-48.62097323
251.33,27.15647094,-57.83809047
251.53,28.95453094,-54.77146576
251.73,31.70277617,-56.00972543
251.93,29.51656409,-56.21247231
252.13,36.898801,-53.93956406
252.33,34.31766934,-53.42864219
252.53,32.53135924,-50.92962213
252.73,37.07430364,-48.04771263
252.93,41.00559072,-49.7937005
253.13,37.90478657,-48.11866631
253.33,36.13948008,-51.83542705
253.53,41.69259735,-47.95037854
253.73,41.05889371,-48.96146771
253.93,37.00186947,-45.27384763
254.13,35.99466774,-45.76084337
254.33,44.89001747,-40.24107787
254.53,38.69432048,-47.17049388
254.73,47.61484403,-50.61620129
254.93,44.43935119,-41.56800283
255.13,45.71104757,-45.29356691
255.33,42.44394415,-40.20812817
255.53,47.20145219,-41.60164243
255.73,56.47310269,-40.42912049
255.93,51.28089378,-39.46142358
256.13,48.53603608,-35.43046517
256.33,46.52404876,-41.13623429
256.53,52.62651409,-41.50990856
256.73,51.32147235,-38.15229693
256.93,48.40888314,-39.25341536
257.13,54.89322367,-30.36484548
257.33,49.18424708,-34.67244231
257.53,58.22915133,-30.50610585
257.73,59.99848369,-33.56172017
257.93,52.18118787,-33.66542234
258.13,60.51799702,-32.2592838
258.33,51.83872829,-32.19134213
258.53,53.35726102,-24.82780034
258.73,56.9029353,-30.52251604
258.93,56.81691045,-29.15814086
259.13,61.31267596,-20.24576594
259.33,63.57842719,-27.95209091
259.53,56.19871869,-27.22934779
259.73,61.71616979,-26.15383311
259.93,62.37039269,-18.72261015
260.13,65.45700664,-25.05934275
260.33,62.73098197,-19.81222637
260.53,62.42663414,-21.26857096
260.73,63.61004766,-21.53747913
260.93,60.5204181,-17.3759487
261.13,61.4038907,-19.50950265
261.33,61.67134566,-21.28880929
261.53,63.78444054,-11.17194542
261.73,61.90053053,-14.08773409
261.93,63.61703208,-12.70897133
262.13,58.00672033,-13.64887114
262.33,62.70661334,-3.47253798
262.53,61.34171432,-10.98038029
262.73,62.76132654,-10.6037555
262.93,63.23160985,-9.537378897
263.13,58.78327994,-10.5272964
263.33,67.01323635,-0.084777574
263.53,63.38038877,0.326539508
263.73,65.35959373,-1.942235646
263.93,64.31343112,-6.618915483
264.13,59.74078095,2.269964021
264.33,63.03317772,0.386216066
264.53,66.16908925,-1.332229533
264.73,68.05461977,1.005508706
264.93,68.51555905,7.202704483
265.13,66.1413774,1.086073867
265.33,64.26931318,2.840117858
265.53,64.76654186,6.878287298
265.73,59.47577713,5.429509461
265.93,61.02980825,10.12033549
266.13,61.77063084,9.962187896
266.33,63.42927471,12.29151703
266.53,65.74328118,6.266711182
266.73,59.72386056,14.99240698
266.93,58.76452757,15.35913849
267.13,61.60430177,16.97077825
267.33,62.47119543,13.80354448
267.53,62.67732812,20.97179143
267.73,61.75390567,14.38949237
267.93,61.66701292,23.03357339
268.13,61.19099301,18.71506738
268.33,57.90167088,24.4966136
268.53,56.9411876,19.31792807
268.73,57.23328326,27.13913237
268.93,59.40223234,25.12048361
269.13,57.39777848,26.01458883
269.33,56.0070296,25.02337347
269.53,57.63915704,24.32375432
269.73,57.10926002,29.95554579
269.93,55.29420982,31.29076422
270.13,54.0392859,32.82365575
270.33,56.23336588,30.55205635
270.53,52.53752725,35.91353706
270.73,58.30259131,37.27443336
270.93,53.79331726,33.89694893
271.13,56.66891863,35.2982782
271.33,53.34631538,34.70177336
271.53,51.75322775,36.90180529
271.73,49.71309648,30.63027439
271.93,52.0073249,41.91584383
272.13,50.29640257,38.11840249
272.33,55.16828464,40.66519805
272.53,40.40494402,41.39595667
272.73,49.10324243,46.09030546
272.93,50.43614378,44.37676145
273.13,47.08133098,46.04722447
273.33,54.12701007,40.86412728
273.53,44.09200821,44.26429604
273.73,46.48992541,44.23737611
273.93,44.99212808,47.19628113
274.13,43.99606488,48.15321774
274.33,47.30100446,48.34608664
274.53,39.68146606,46.76751126
274.73,46.36159806,50.49714302
274.93,40.86125092,50.33629859
275.13,44.87517952,48.69231117
275.33,40.08838865,54.52153738
275.53,47.20132001,52.0081293
275.73,41.68836591,51.42270535
275.93,39.50444381,52.47390358
276.13,29.73926162,54.46212408
276.33,34.0606216,52.47721307
276.53,32.31646702,55.66826436
276.73,28.28536255,55.71984065
276.93,32.06728395,51.19393023
277.13,33.31514626,53.79626323
277.33,30.7719347,52.2074499
277.53,30.95425548,57.98187516
277.73,29.19797522,62.18798045
277.93,26.92396876,54.37142
278.13,20.41955026,57.54182137
278.33,22.74449439,54.07530279
278.53,25.4858284,61.88030276
278.73,19.27210487,57.76136963
278.93,18.26277637,61.14050425
279.13,20.53945675,61.14588102
279.33,21.71193361,65.38328973
279.53,18.18409146,61.48203051
279.73,22.03638715,60.24559309
279.93,17.44359209,63.08344882
280.13,12.26142418,60.93536323
280.33,13.33876327,63.02169318
280.53,10.41255274,62.49797799
280.73,16.15057606,59.14156276
280.93,10.0797518,61.78988697
281.13,10.318983,61.28503682
281.33,6.982170481,64.42730097
281.53,5.948886339,63.62407114
281.73,8.507491039,60.52843839
281.93,6.95601193,62.56595113
282.13,10.33700893,61.76760303
282.33,7.609587424,63.15596125
282.53,2.425622933,64.87403526
282.73,10.80934128,58.20088601
282.93,8.215881708,65.10806207
283.13,8.971542118,57.69837358
283.33,0.310671697,62.02318424
283.53,4.604684965,58.75725081
283.73,2.153381861,60.26912016
283.93,0.639137696,63.62778354
284.13,5.797497128,63.37951725
284.33,8.34598963,63.42280304
284.53,8.180253308,67.6696671
284.73,6.704985188,67.92562365
284.93,8.096864824,64.85872625
285.13,7.154528418,65.29734639
285.33,5.524768486,70.59664768
285.53,2.006558117,64.3153591
285.73,1.356676343,64.97032921
285.93,0.866825287,64.60345402
286.13,5.177270915,58.1639112
286.33,-0.476731068,63.82070301
286.53,5.182323875,62.11692895
286.73,6.677903954,61.05378428
286.93,1.619074195,69.22996304
287.13,1.056149385,66.31375412
287.33,4.75576781,61.85325479
287.53,-1.106970162,61.29040221
287.73,-3.462935169,62.51029754
287.93,-5.412119027,64.02525798
288.13,-5.512030588,57.99921044
288.33,-1.807620287,58.95418731
288.53,0.066032125,61.91755933
288.73,-3.540956317,64.32454183
288.93,-0.886874923,61.62299974
289.13,-4.999731856,63.67106212
289.33,-7.982651408,59.77976474
289.53,-3.316129384,58.94902675
289.73,-6.555837981,63.2815401
289.93,-9.982850881,62.34262994
290.13,-5.945017104,59.41865674
290.33,-8.274463244,65.6487954
290.53,-12.58248174,61.51762952
290.73,-9.728576625,61.91205942
290.93,-13.35339266,57.88240552
291.13,-13.48131231,60.80162152
291.33,-20.53518406,65.89828254
291.53,-12.84068035,63.41621176
291.73,-21.13386838,63.03607707
291.93,-19.59394583,60.96437631
292.13,-14.51445408,60.10571993
292.33,-19.64413676,63.23861397
292.53,-17.60183604,60.46103715
292.73,-18.27333424,59.68996905
292.93,-12.66553136,66.52227731
293.13,-13.98267056,63.02103405
293.33,-17.04787074,60.26650536
293.53,-20.53784491,62.70010692
293.73,-18.20024227,59.01389807
293.93,-19.18045262,62.56754208
294.13,-18.49896646,61.43760142
294.33,-19.09128032,60.3758942
294.53,-18.65276295,58.13870272
294.73,-25.42936587,61.59830821
294.93,-19.68809532,58.87910159
295.13,-25.89326324,57.00588113
295.33,-28.8794794,60.3178764
295.53,-29.12919593,63.12107484
295.73,-24.99828731,57.48384801
295.93,-27.44397244,61.23726222
296.13,-29.27642061,55.80548755
296.33,-25.06403216,59.71417577
296.53,-26.94087971,57.3800123
296.73,-24.36736695,56.37549205
296.93,-30.71679644,60.0537191
297.13,-28.42991111,50.74376333
297.33,-23.62732243,57.14243323
297.53,-25.12878059,56.40658085
297.73,-26.44428099,56.36025843
297.93,-22.14271254,54.13677311
298.13,-26.57284209,53.87588298
298.33,-28.23444322,56.84684493
298.53,-30.06823228,63.17535374
298.73,-26.75543246,54.58917366
298.93,-31.74757121,51.89411876
299.13,-34.18761872,51.20193073
299.33,-27.78043735,53.32539432
299.53,-28.9193625,53.13181648
299.73,-26.66951756,60.27068895
299.93,-25.33721668,49.78001782
300.13,-30.46303654,57.07724962
300.33,-30.89504851,55.88057543
300.53,-27.20597295,59.89896856
300.73,-29.77249303,57.75852949
300.93,-32.69514252,54.17032621
301.13,-30.81874028,53.06314873
301.33,-31.47928163,58.74582048
301.53,-31.96223164,53.84592106
301.73,-29.1842759,55.74988299
301.93,-27.65101775,51.15407168
302.13,-33.72293154,51.87591669
302.33,-33.79340703,45.57963514
302.53,-34.65327393,50.61917812
302.73,-34.67031855,48.56644722
302.93,-39.54419555,50.39063749
303.13,-34.07031176,54.61275131
303.33,-36.06555494,54.4308115
303.53,-38.38366545,49.3773205
303.73,-37.70997437,49.47444684
303.93,-37.34351773,52.56018951
304.13,-37.39610857,46.16811416
304.33,-42.98935899,49.30363264
304.53,-41.23480544,51.09858762
304.73,-43.85488726,47.70196884
304.93,-39.36806271,48.1101931
305.13,-48.04530639,49.5265764
305.33,-42.10300379,46.68574342
305.53,-42.02515581,39.18899962
305.73,-50.40354264,46.46478029
305.93,-42.22137249,42.45680662
306.13,-41.15237035,47.31018713
306.33,-46.61027365,41.51933669
306.53,-46.79402892,46.05215421
306.73,-44.66142432,42.20333762
306.93,-50.12928973,44.35185968
307.13,-53.81451908,43.94030964
307.33,-46.4524935,35.44416586
307.53,-43.84007301,42.94367977
307.73,-48.3875113,41.70331015
307.93,-51.83813326,44.23149407
308.13,-48.64063034,41.20917683
308.33,-52.73465781,41.97068742
308.53,-47.93621022,37.70713612
308.73,-51.85657924,41.73066361
308.93,-47.98203477,38.71475779
309.13,-51.45489068,41.1190733
309.33,-46.69068294,46.92324128
309.53,-51.36447365,39.20879025
309.73,-49.04740775,32.53297048
309.93,-51.59860966,38.71070251
310.13,-51.1968611,38.09209692
310.33,-54.60074412,36.30938109
310.53,-52.65413587,40.10300346
310.73,-54.99594819,35.24819447
310.93,-47.73189421,33.53272466
311.13,-53.12518398,35.82884037
311.33,-55.42017634,34.35973898
311.53,-52.23238695,33.01546518
311.73,-49.41896685,34.30281494
311.93,-47.2756597,36.84591098
312.13,-58.38196696,34.74524712
312.33,-53.76475222,34.56675166
312.53,-54.66848389,32.84051227
312.73,-53.65152593,32.68583248
312.93,-53.22168691,29.75440369
313.13,-53.7887586,37.60865863
313.33,-57.86761081,32.05321445
313.53,-54.57772707,33.79817052
313.73,-55.57424283,30.01678276
313.93,-53.37296524,35.32701954
314.13,-53.0562235,32.2182301
314.33,-58.34549004,33.23848057
314.53,-59.91227505,35.89841707
314.73,-57.02423995,32.4458239
314.93,-52.20051412,26.80283037
315.13,-52.9748062,35.30083027
315.33,-57.68196781,29.32211276
315.53,-50.11434485,31.32527599
315.73,-56.53634627,32.60600849
315.93,-57.38775582,23.81311417
316.13,-59.23650531,28.44773847
316.33,-52.85667758,32.45441179
316.53,-57.4787973,26.24700372
316.73,-57.35588477,24.48096812
316.93,-56.89912588,27.98089725
317.13,-55.60730644,28.03046063
317.33,-66.96250742,22.90284242
317.53,-53.59517147,28.65421286
317.73,-64.0274164,24.22257007
317.93,-57.27962192,20.42861193
318.13,-58.21110977,26.30082576
318.33,-61.50936079,19.00583676
318.53,-57.5788413,19.44816208
318.73,-60.82561971,21.98624774
318.93,-55.30912683,21.57233827
319.13,-57.08220838,22.17397832
319.33,-63.14018679,17.7294843
319.53,-62.37791663,15.50307547
319.73,-65.86489748,16.80218618
319.93,-67.20411101,14.42921624
320.13,-70.27568434,17.0253265
320.33,-61.63836303,12.66780401
320.53,-59.18988655,12.8101113
320.73,-57.4610728,7.20357093
320.93,-64.17182264,13.36728821
321.13,-59.10455228,19.25589227
321.33,-63.01339951,12.41213593
321.53,-70.2544884,8.605605419
321.73,-63.97525633,13.0330405
321.93,-63.32171564,7.91193141
322.13,-62.64602682,7.101451842
322.33,-62.38642145,6.653646973
322.53,-59.71730026,8.819917479
322.73,-64.22291882,10.44081433
322.93,-64.64430875,3.063712587
323.13,-64.16792316,7.873669326
323.33,-67.26810695,2.108572253
323.53,-63.00368766,8.861881634
323.73,-66.94421212,5.119076091
323.93,-65.52915582,10.02253264
324.13,-62.68290727,2.884455536
324.33,-63.04772467,4.667473718
324.53,-66.68756897,8.16476114
324.73,-64.37626168,5.465102144
324.93,-68.52361621,0.421535642
325.13,-64.14855364,2.619816545
325.33,-64.71554663,4.996661179
325.53,-65.67458209,7.492652692
325.73,-62.02926736,1.095814223
325.93,-58.99130531,0.585589471
326.13,-63.95823412,2.524859978
326.33,-60.70602125,3.420221025
326.53,-63.82255748,6.38440343
326.73,-62.33567591,6.003213948
326.93,-63.38367306,2.584692391
327.13,-61.9161061,5.376499222
327.33,-65.44282426,-3.194760437
327.53,-66.72972163,3.737023104
327.73,-65.41267067,0.149069627
327.93,-63.12875806,-1.231378507
328.13,-62.18050502,-5.321199646
328.33,-63.46809857,-5.783538661
328.53,-63.88188939,-1.933358972
328.73,-63.37881144,0.969515201
328.93,-66.01210124,-0.399128166
329.13,-71.29861843,-5.756163363
329.33,-64.79520335,-2.967112974
329.53,-66.51552941,-6.214131756
329.73,-58.22208602,-4.9868674
329.93,-63.37692224,-5.59403658
330.13,-58.07596148,-6.35187152
330.33,-64.02271824,-4.344703915
330.53,-65.59458572,-7.790050086
330.73,-64.87511556,-8.568648357
330.93,-63.56795087,-4.227656298
331.13,-69.31151137,-8.416829594
331.33,-66.02201855,-12.60051437
331.53,-63.22543962,-5.69841149
331.73,-65.06404046,-12.67009637
331.93,-61.62291901,-13.25835933
332.13,-61.04578697,-9.367782474
332.33,-63.38806933,-10.21188189
332.53,-63.7088835,-12.77355485
332.73,-61.5642186,-12.74122403
332.93,-62.00551699,-12.35506852
333.13,-65.30935729,-9.960144389
333.33,-60.95446171,-10.75169727
333.53,-58.84159564,-17.97573247
333.73,-57.86261559,-16.9272635
333.93,-59.67413834,-14.0843438
334.13,-58.62996788,-16.76909535
334.33,-64.79683693,-21.06520737
334.53,-58.2896312,-19.23266076
334.73,-63.68469087,-25.25048658
334.93,-60.33700499,-21.18901357
335.13,-57.45572536,-23.22281361
335.33,-58.34460095,-24.37819717
335.53,-55.39231201,-23.05348041
335.73,-57.33464518,-23.36975253
335.93,-60.87792597,-18.03925434
336.13,-58.16166262,-22.21902002
336.33,-62.60077623,-25.97004751
336.53,-57.55242774,-29.61917705
336.73,-55.49168822,-26.39368239
336.93,-56.90452585,-30.02032539
337.13,-56.33167465,-24.46151492
337.33,-61.04966554,-23.48266026
337.53,-57.95403334,-31.29758831
337.73,-60.41767639,-37.52706705
337.93,-58.78024182,-26.73323583
338.13,-55.4505222,-30.71569263
338.33,-50.94671679,-23.73116831
338.53,-57.27663816,-30.1709676
338.73,-54.61711487,-38.07844168
338.93,-54.80275754,-31.83743055
339.13,-53.46658677,-27.42809489
339.33,-52.38032578,-30.59749578
339.53,-54.2460154,-27.56586609
339.73,-58.7519293,-31.66362246
339.93,-48.90754065,-31.90864098
340.13,-51.36680114,-30.0340563
340.33,-56.32826447,-30.72592695
340.53,-61.83562671,-30.41549585
340.73,-53.03730414,-28.50000308
340.93,-50.11072565,-36.50503135
341.13,-51.99974685,-32.38600289
341.33,-56.35149513,-40.20750298
341.53,-48.8288353,-36.99232911
341.73,-47.57031361,-33.69673642
341.93,-50.02557495,-34.52167
342.13,-47.32463313,-36.73952611
342.33,-49.83298695,-35.34910613
342.53,-51.36512648,-38.94931892
342.73,-54.50280572,-40.20453226
342.93,-47.43273697,-41.5822314
343.13,-45.93038077,-45.15042021
343.33,-47.8861942,-42.52171888
343.53,-46.74154218,-41.39710732
343.73,-43.78716084,-46.67831976
343.93,-41.64075572,-45.95851637
344.13,-43.42599444,-46.09813474
344.33,-41.5906605,-45.57277868
344.53,-44.39168993,-48.6577483
344.73,-42.65608196,-51.44004953
344.93,-37.60296639,-50.79971183
345.13,-34.74749266,-50.95018721
345.33,-38.21908167,-56.31932193
345.53,-36.43246273,-53.91176431
345.73,-34.09903982,-53.39023649
345.93,-35.30206955,-57.53900469
346.13,-32.73856428,-51.6629093
346.33,-26.16847508,-56.8745293
346.53,-28.37163235,-57.86050353
346.73,-27.45369805,-58.66652505
346.93,-25.55012479,-53.48810679
347.13,-29.116959,-58.59988793
347.33,-25.26522899,-56.15552722
347.53,-22.82759897,-55.84671353
347.73,-25.41764504,-59.01554155
347.93,-24.48012408,-62.27428914
348.13,-18.21621928,-61.93276285
348.33,-19.01724789,-60.46911684
348.53,-20.87853175,-63.62683602
348.73,-13.34120712,-67.97102364
348.93,-14.05379776,-57.18117121
349.13,-13.73524686,-65.34396231
349.33,-16.18839206,-64.71201867
349.53,-15.35750035,-60.75349465
349.73,-10.61916884,-61.40646395
349.93,-11.42189802,-64.575513
350.13,-11.94362199,-62.01369668
350.33,-4.293576654,-62.21699081
350.53,-6.028346212,-62.93278795
350.73,-0.052809117,-61.62714795
350.93,0.390686564,-58.67496487
351.13,2.498522552,-61.37577069
351.33,0.616024411,-64.85751864
351.53,4.272006064,-64.78142735
351.73,6.50279262,-62.95074794
351.93,6.507501205,-65.8140981
352.13,7.584601985,-65.02872061
352.33,0.12197001,-66.38153909
352.53,11.83648904,-55.02869013
352.73,3.454065006,-62.73904135
352.93,5.380229918,-59.71416439
353.13,10.38769446,-68.25335671
353.33,15.17933017,-59.23631428
353.53,8.277786087,-62.75059628
353.73,16.19620181,-63.129203
353.93,18.41011686,-60.02010395
354.13,15.12959266,-57.64181976
354.33,18.51008893,-60.0992204
354.53,21.16444215,-60.61842931
354.73,21.93954501,-64.50379521
354.93,25.7712615,-57.83540304
355.13,28.54699216,-60.47802451
355.33,23.45623244,-60.40977904
355.53,30.40291491,-57.85173361
355.73,25.75984763,-56.90371558
355.93,23.96812754,-58.99966909
356.13,30.46674053,-50.41309965
356.33,32.84324351,-55.65205067
356.53,29.66549203,-56.23596403
356.73,30.66068527,-61.8814861
356.93,32.83953721,-52.55950309
357.13,34.35952786,-51.09104308
357.33,38.29656636,-47.92215033
357.53,39.07055293,-51.75485773
357.73,38.7141123,-49.4311457
357.93,37.33310616,-48.17408792
358.13,43.88288338,-48.90880653
358.33,34.50331053,-48.08128014
358.53,40.34493418,-52.33615384
358.73,40.15847042,-45.14867153
358.93,44.15480273,-39.28916263
359.13,49.2183716,-47.09432879
359.33,47.36222463,-45.95017715
359.53,41.92578976,-42.82620603
359.73,50.1189512,-35.92862339
359.93,48.58862099,-40.95540154
360.13,46.13824394,-38.90051674
360.33,45.41982987,-37.41856304
360.53,48.32076647,-37.76814118
360.73,45.05089019,-38.14802892
360.93,52.59823128,-34.29395128
361.13,53.66615841,-36.02672609
361.33,56.7711896,-36.10685844
361.53,56.45449096,-38.83874418
361.73,55.92431035,-30.77910284
361.93,52.72856975,-34.62160326
362.13,55.44477355,-37.96577023
362.33,60.39549562,-26.34129753
362.53,58.63172787,-24.98628582
362.73,55.52837304,-22.00710145
362.93,62.40038494,-29.23094305
363.13,62.5513754,-24.23274639
363.33,57.88995302,-17.44407138
363.53,59.30438711,-21.44516184
363.73,57.95773866,-21.8407538
363.93,54.91010539,-21.02251847
364.13,60.19431102,-15.78456983
364.33,61.90509262,-19.96166267
364.53,64.96726319,-15.91012621
364.73,61.64909066,-16.41456975
364.93,59.55414379,-17.15758398
365.13,61.10403361,-9.865998461
365.33,63.44381391,-15.3559369
365.53,64.9982426,-12.4531754
365.73,59.33744879,-0.367613008
365.93,61.44318229,-9.092237344
366.13,66.35625567,-5.610454945
366.33,65.25297053,-7.165852142
366.53,61.43013723,-1.612884256
366.73,59.42768517,-4.121020633
366.93,66.40073453,2.043237285
367.13,62.50985954,1.012193035
367.33,65.46356265,4.879218094
367.53,61.49938257,4.440882368
367.73,67.61712881,2.967504695
367.93,66.23784375,5.737965264
368.13,63.41746682,8.594703194
368.33,60.67993608,13.20380011
368.53,67.29286868,10.50958494
368.73,59.34387491,11.21717928
368.93,61.88887462,15.8114064
369.13,59.93036065,11.03435477
369.33,59.18820066,13.10671675
369.53,60.46184237,13.62629843
369.73,59.21906201,21.90340405
369.93,58.55350213,18.46454164
370.13,56.29909282,15.76753426
370.33,60.52297322,22.81059546
370.53,60.48654694,24.91790309
370.73,59.46245211,22.67300866
370.93,57.3639182,24.95205003
371.13,60.31148493,25.84222746
371.33,57.47080635,30.19274088
371.53,57.24538786,24.86423828
371.73,58.86056034,26.01468728
371.93,53.79881223,31.72819662
372.13,57.34001801,25.69424318
372.33,54.31635147,26.89518393
372.53,58.99356059,25.3541728
372.73,57.80078262,31.59465285
372.93,50.31560962,28.45523853
373.13,56.53451518,26.75073395
373.33,47.56876912,25.88547405
373.53,56.68044659,25.49760346
373.73,54.86154862,29.20931105
373.93,52.51850299,33.82381463
374.13,57.35147689,35.82276932
374.33,56.51150584,33.68976341
374.53,54.61730847,37.631797
374.73,56.78894843,35.23975188
374.93,52.41248973,34.90418261
375.13,51.78785183,32.79799146
375.33,61.62644091,34.99092082
375.53,52.47651863,34.59167916
375.73,53.71967444,41.03394528
375.93,49.55761367,38.51164915
376.13,48.46544333,38.31027539
376.33,52.43900573,43.33916988
376.53,50.29739047,40.67212724
376.73,47.59425938,39.63350428
376.93,48.44658271,39.4904017
377.13,48.69532924,40.17443474
377.33,51.06333301,41.35208953
377.53,47.31642685,45.60896239
377.73,46.91190012,44.41471282
377.93,45.14167566,45.1653012
378.13,46.44831279,46.20777077
378.33,52.31299141,45.24332638
378.53,49.4430063,45.47678874
378.73,42.9060675,50.5781399
378.93,41.52619413,49.50384434
379.13,46.21825484,49.08335522
379.33,47.16244357,42.12795473
379.53,43.52712112,45.10838082
379.73,43.34763739,46.17531845
379.93,43.04389069,43.52542831
380.13,43.75731177,49.47629035
380.33,43.00395688,44.58845204
380.53,43.29843031,49.59795408
380.73,37.8092603,49.50746592
380.93,37.79807511,48.06764873
381.13,48.0407632,45.93617102
381.33,37.75447582,53.04740505
381.53,37.58723804,47.67525736
381.73,38.14961716,51.28917501
381.93,43.55767921,52.62262751
382.13,37.95045429,46.8139558
382.33,38.93020275,54.13186655
382.53,40.58516524,50.19706001
382.73,41.05733187,48.76726828
382.93,42.33833542,48.41462046
383.13,42.75744784,48.60956757
383.33,40.9594141,55.56483223
383.53,37.07726669,52.60174122
383.73,34.75344028,54.5769588
383.93,41.78945775,46.91033024
384.13,39.96291864,51.49365706
384.33,39.07272222,52.55305934
384.53,38.25672669,49.53359803
384.73,37.79876369,55.80285983
384.93,38.9223743,55.38323073
385.13,35.34763419,51.69806532
385.33,37.52825533,56.66847793
385.53,35.25598657,51.77746017
385.73,31.90437377,51.24172942
385.93,37.16916016,58.22298989
386.13,36.67707412,53.01889741
386.33,36.77762977,53.13009569
386.53,32.3418429,59.05995721
386.73,31.83774187,46.52475639
386.93,33.29686407,50.6386064
387.13,30.38613809,56.20166732
387.33,36.47617124,52.74845171
387.53,24.83476568,52.68920261
387.73,32.07403251,54.75927186
387.93,33.2251959,54.0449749
388.13,23.89562035,50.89036896
388.33,28.72323872,56.70794994
388.53,25.7197208,52.76776633
388.73,33.05411673,52.49470272
388.93,33.11644989,55.61394369
389.13,25.78126274,55.71349635
389.33,24.73006822,58.22757985
389.53,24.40688552,59.16238009
389.73,29.00517229,57.51148721
389.93,28.019861,58.98035245
390.13,26.2526632,56.00900888
390.33,28.8503396,56.67230946
390.53,25.8675159,60.85036218
390.73,26.31505371,61.67152735
390.93,18.84580331,58.56563574
391.13,18.26545332,60.19926093
391.33,16.30624445,65.45999753
391.53,16.1994376,59.8254173
391.73,15.32534405,57.20890636
391.93,15.38919352,58.5510719
392.13,22.28620294,59.88040387
392.33,15.16601336,62.01534467
392.53,19.90793533,58.70301007
392.73,12.34850461,58.26608249
392.93,19.37831684,60.41538865
393.13,17.44291325,55.30577898
393.33,15.71443337,65.91898565
393.53,13.62339226,64.5252897
393.73,10.56706723,60.70792432
393.93,15.21281445,63.90974563
394.13,10.56461499,67.04191277
394.33,6.67417998,62.76919575
394.53,5.394481485,62.11977016
394.73,9.505109965,62.1823544
394.93,9.99763258,57.18570538
395.13,18.04650131,64.19906556
395.33,11.39750504,65.31866779
395.53,10.62461186,67.82039035
395.73,10.94590287,59.22808437
395.93,11.30097254,59.34311822
396.13,10.2984489,63.01884818
396.33,10.18703745,65.20316647
396.53,7.943945753,57.98885002
396.73,3.910502776,61.08197058
396.93,8.852973756,66.09800268
397.13,10.74895512,57.6250787
397.33,5.00367353,59.66359802
397.53,11.30172167,62.92552321
397.73,7.191945818,61.91432909
397.93,3.747775268,67.30649251
398.13,6.516440862,61.75113503
398.33,1.199124152,62.87631373
398.53,4.199950986,61.11021406
398.73,2.043664764,62.34546057
398.93,5.687596607,63.5545324
399.13,5.392559851,67.22839199
399.33,2.753483899,61.56948288
399.53,2.518081644,68.98973523
399.73,1.646370715,61.30503043
399.93,-3.137632846,58.66140613
400.13,1.572302167,66.01488876
400.33,0.60448017,61.88950829
400.53,3.144545116,63.71281692
400.73,4.311131627,61.31409491
400.93,-3.631528162,60.33458315
401.13,2.289663374,60.17171527
